location_id,image,caption
28,images/locations/gallery/IMG_0477.JPG,
28,images/locations/gallery/IMG_0478.JPG
28,images/locations/gallery/IMG_0479.JPG
28,images/locations/gallery/IMG_0480.JPG
28,images/locations/gallery/IMG_0481.JPG
28,images/locations/gallery/IMG_0483.JPG
28,images/locations/gallery/IMG_0429.JPG
28,images/locations/gallery/IMG_0430.JPG
28,images/locations/gallery/IMG_0431.JPG
28,images/locations/gallery/IMG_0432.JPG
28,images/locations/gallery/IMG_0433.JPG
28,images/locations/gallery/IMG_0434.JPG
28,images/locations/gallery/IMG_0435.JPG
28,images/locations/gallery/IMG_0436.JPG
28,images/locations/gallery/IMG_0437.JPG
28,images/locations/gallery/IMG_0438.JPG
28,images/locations/gallery/IMG_0439.JPG
28,images/locations/gallery/IMG_0440.JPG
28,images/locations/gallery/IMG_0441.JPG
28,images/locations/gallery/IMG_0442.JPG
28,images/locations/gallery/IMG_0443.JPG
28,images/locations/gallery/IMG_0444.JPG
28,images/locations/gallery/IMG_0445.JPG
28,images/locations/gallery/IMG_0446.JPG
28,images/locations/gallery/IMG_0447.JPG
28,images/locations/gallery/IMG_0448.JPG
28,images/locations/gallery/IMG_0449.JPG
28,images/locations/gallery/IMG_0450.JPG
28,images/locations/gallery/IMG_0451.JPG
28,images/locations/gallery/IMG_0452.JPG
28,images/locations/gallery/IMG_0453.JPG
28,images/locations/gallery/IMG_0454.JPG
28,images/locations/gallery/IMG_0455.JPG
28,images/locations/gallery/IMG_0456.JPG
28,images/locations/gallery/IMG_0457.JPG
28,images/locations/gallery/IMG_0458.JPG
28,images/locations/gallery/IMG_0460.JPG
28,images/locations/gallery/IMG_0461.JPG
28,images/locations/gallery/IMG_0462.JPG
28,images/locations/gallery/IMG_0463.JPG
28,images/locations/gallery/IMG_0464.JPG
28,images/locations/gallery/IMG_0465.JPG
28,images/locations/gallery/IMG_0466.JPG
28,images/locations/gallery/IMG_0467.JPG
28,images/locations/gallery/IMG_0468.JPG
28,images/locations/gallery/IMG_0469.JPG
28,images/locations/gallery/IMG_0470.JPG
28,images/locations/gallery/IMG_0471.JPG
28,images/locations/gallery/IMG_0472.JPG
28,images/locations/gallery/IMG_0473.JPG
28,images/locations/gallery/IMG_0474.JPG
28,images/locations/gallery/IMG_0475.JPG
28,images/locations/gallery/IMG_0476.JPG
25,images/locations/gallery/IMG_0422.JPG
25,images/locations/gallery/IMG_0423.JPG
25,images/locations/gallery/IMG_0424.JPG
25,images/locations/gallery/IMG_0425.JPG
25,images/locations/gallery/IMG_0426.JPG
25,images/locations/gallery/IMG_0427.JPG
25,images/locations/gallery/IMG_0428.JPG
25,images/locations/gallery/IMG_0416.JPG
25,images/locations/gallery/IMG_0417.JPG
25,images/locations/gallery/IMG_0418.JPG
25,images/locations/gallery/IMG_0419.JPG
25,images/locations/gallery/IMG_0420.JPG
25,images/locations/gallery/IMG_0421.JPG
8,images/locations/gallery/IMG_0525.JPG
8,images/locations/gallery/IMG_0169.JPG
8,images/locations/gallery/IMG_0170.JPG
8,images/locations/gallery/IMG_0171.JPG
8,images/locations/gallery/IMG_0172.JPG
8,images/locations/gallery/IMG_0173.JPG
8,images/locations/gallery/IMG_0493.JPG
8,images/locations/gallery/IMG_0494.JPG
8,images/locations/gallery/IMG_0495.JPG
8,images/locations/gallery/IMG_0496.JPG
8,images/locations/gallery/IMG_0524.JPG
1,images/locations/gallery/IMG_0343.JPG
1,images/locations/gallery/IMG_0339.JPG
1,images/locations/gallery/IMG_0340.JPG
1,images/locations/gallery/IMG_0341.JPG
1,images/locations/gallery/IMG_0342.JPG
20,images/locations/gallery/IMG_0506.JPG
20,images/locations/gallery/IMG_0507.JPG
20,images/locations/gallery/IMG_0508.JPG
20,images/locations/gallery/IMG_0509.JPG
20,images/locations/gallery/IMG_0510.JPG
20,images/locations/gallery/IMG_0511.JPG
20,images/locations/gallery/IMG_0512.JPG
20,images/locations/gallery/IMG_0513.JPG
20,images/locations/gallery/IMG_0514.JPG
20,images/locations/gallery/IMG_0515.JPG
20,images/locations/gallery/IMG_0516.JPG
20,images/locations/gallery/IMG_0517.JPG
20,images/locations/gallery/IMG_0518.JPG
20,images/locations/gallery/IMG_0519.JPG
20,images/locations/gallery/IMG_0520.JPG
20,images/locations/gallery/IMG_0521.JPG
20,images/locations/gallery/IMG_0522.JPG
20,images/locations/gallery/IMG_0497.JPG
20,images/locations/gallery/IMG_0498.JPG
20,images/locations/gallery/IMG_0499.JPG
20,images/locations/gallery/IMG_0500.JPG
20,images/locations/gallery/IMG_0501.JPG
20,images/locations/gallery/IMG_0502.JPG
20,images/locations/gallery/IMG_0503.JPG
20,images/locations/gallery/IMG_0504.JPG
20,images/locations/gallery/IMG_0505.JPG
20,images/locations/gallery/IMG_0523.JPG
14,images/locations/gallery/IMG_0506.JPG
14,images/locations/gallery/IMG_0507.JPG
14,images/locations/gallery/IMG_0508.JPG
14,images/locations/gallery/IMG_0509.JPG
14,images/locations/gallery/IMG_0510.JPG
14,images/locations/gallery/IMG_0511.JPG
14,images/locations/gallery/IMG_0512.JPG
14,images/locations/gallery/IMG_0513.JPG
14,images/locations/gallery/IMG_0514.JPG
14,images/locations/gallery/IMG_0515.JPG
14,images/locations/gallery/IMG_0516.JPG
14,images/locations/gallery/IMG_0517.JPG
14,images/locations/gallery/IMG_0518.JPG
14,images/locations/gallery/IMG_0519.JPG
14,images/locations/gallery/IMG_0520.JPG
14,images/locations/gallery/IMG_0521.JPG
14,images/locations/gallery/IMG_0522.JPG
14,images/locations/gallery/IMG_0497.JPG
14,images/locations/gallery/IMG_0498.JPG
14,images/locations/gallery/IMG_0499.JPG
14,images/locations/gallery/IMG_0500.JPG
14,images/locations/gallery/IMG_0501.JPG
14,images/locations/gallery/IMG_0502.JPG
14,images/locations/gallery/IMG_0503.JPG
14,images/locations/gallery/IMG_0504.JPG
14,images/locations/gallery/IMG_0505.JPG
14,images/locations/gallery/IMG_0523.JPG
19,images/locations/gallery/IMG_0081.JPG
19,images/locations/gallery/IMG_0082.JPG
19,images/locations/gallery/IMG_0083.JPG
19,images/locations/gallery/IMG_0084.JPG
19,images/locations/gallery/IMG_0085.JPG
19,images/locations/gallery/IMG_0086.JPG
19,images/locations/gallery/IMG_0087.JPG
19,images/locations/gallery/IMG_0088.JPG
19,images/locations/gallery/IMG_0089.JPG
19,images/locations/gallery/IMG_0090.JPG
19,images/locations/gallery/IMG_0091.JPG
19,images/locations/gallery/IMG_0092.JPG
38,images/locations/gallery/UO01.JPG
38,images/locations/gallery/UO02.JPG
38,images/locations/gallery/UO03.JPG
38,images/locations/gallery/UO04.JPG
38,images/locations/gallery/IMG_0021.JPG
38,images/locations/gallery/IMG_0022.JPG
38,images/locations/gallery/IMG_0023.JPG
38,images/locations/gallery/IMG_0024.JPG
38,images/locations/gallery/IMG_0025.JPG
38,images/locations/gallery/IMG_0026.JPG
38,images/locations/gallery/IMG_0027.JPG
38,images/locations/gallery/IMG_0028.JPG
38,images/locations/gallery/IMG_0029.JPG
38,images/locations/gallery/IMG_0030.JPG
38,images/locations/gallery/IMG_0031.JPG
38,images/locations/gallery/IMG_0032.JPG
38,images/locations/gallery/IMG_0033.JPG
38,images/locations/gallery/IMG_0034.JPG
38,images/locations/gallery/IMG_0035.JPG
38,images/locations/gallery/IMG_0036.JPG
38,images/locations/gallery/IMG_0037.JPG
38,images/locations/gallery/IMG_0038.JPG